{
    "home": {
        "joints_rad": [
            0.00948631763458252,
            -1.8324123821654261,
            -1.2876696586608887,
            -1.5941807232298792,
            1.5714623928070068,
            -0.004022900258199513
        ],
        "joints_deg": [
            0.5,
            -105.0,
            -73.8,
            -91.3,
            90.0,
            -0.2
        ]
    },
    "transfer": {
        "joints_rad": [
            0.033150456845760345,
            -2.3283897838988246,
            -0.8927836418151855,
            -1.4931028869799157,
            1.5708346366882324,
            -1.4813850561725062
        ],
        "joints_deg": [
            1.9,
            -133.4,
            -51.2,
            -85.5,
            90.0,
            -84.9
        ]
    }
}