{
    "home": {
        "joints_rad": [
            0.7588008642196655,
            -1.9053269825377406,
            -1.0557525157928467,
            -1.7532373867430628,
            1.5716708898544312,
            0.0791720449924469
        ],
        "joints_deg": [
            43.5,
            -109.2,
            -60.5,
            -100.5,
            90.1,
            4.5
        ]
    },
    "transfer": {
        "joints_rad": [
            -0.5552189985858362,
            -1.9053079090514125,
            -1.0557608604431152,
            -1.7532111606993617,
            1.5716862678527832,
            -0.5940483252154749
        ],
        "joints_deg": [
            -31.8,
            -109.2,
            -60.5,
            -100.5,
            90.1,
            -34.0
        ]
    }
}